zone_name,zone_id,record_name,ip
3dmc2.org,a5ccdc8bfd315e51c0e36ae6b419f186,3dmc2.org,184.182.219.182
alltypetowing.com,d690d10dd482a6863af9960edd7df128,alltypetowing.com,204.44.192.77
apollonianfp.org,f1c8ba5296e6123f8032bfb775f5612a,apollonianfp.org,153.92.213.212
aprilhansen.com,9473011b0b8baabf09d3104303d5cd97,aprilhansen.com,204.44.192.77
armstrongacesbaseball.org,f92a422db407c3ea303b1aaab248f352,armstrongacesbaseball.org,204.44.192.77
bboc4vets.org,dd437c142275142c396238e892199c29,bboc4vets.org,52.184.222.116
bintobetter.org,59bed59e61a98198ef8e3ce2e914e097,bintobetter.org,185.199.108.153
bringingpeople2people.org,5c8891f6c612caa088ecfceb35765ae7,,
browncanyonranch.org,bf5a94cdf6ebdcb6a07423bc569dc921,browncanyonranch.org,204.44.192.77
bucktownbullsbaseball.org,f460711062987770b036b51d73f78771,bucktownbullsbaseball.org,204.44.192.77
bulldogztowing.com,4487267fa7f6f6ac402dbd9e8252992d,bulldogztowing.com,204.44.192.77
canadatokeywestcoastalrun.com,7debd0d81332723a29061f846e321d02,,
canadatokeywestcoastalrun.org,4819e2293cf56aba41d376f47acfc4c1,canadatokeywestcoastalrun.org,153.92.213.212
cochiserobotics.org,ada9dc3d00bac482ca2f6af2ce73518f,cochiserobotics.org,52.184.222.116
coronadonationalforestheritagesociety.org,d72a175651272413be231d923c88a7ee,coronadonationalforestheritagesociety.org,204.44.192.77
cvrs-us.org,a2d1d284b5387b0ca3ebe8005be4e947,cvrs-us.org,192.64.86.202
dropletsoflove.org,ecbff24650001661a98dd9b82f43a8ef,dropletsoflove.org,192.64.86.202
educationandempowerment.org,c0ab59f040bdafc6de5bb822b1df1d30,educationandempowerment.org,153.92.213.212
emc-professional.com,91a953f03f60ce2a65381240a8f60f94,emc-professional.com,192.64.86.202
emc-professional.org,dcc280dedb06c6d87d7049383fa3e03f,,
exceptionalridersprogram.com,f3f0f6d2b30da3141e2f0a9d35bc47f9,cpanel.exceptionalridersprogram.com,185.199.220.110
exceptionalridersprogram.org,704fd7514a7f206cf1132e320a4c2520,exceptionalridersprogram.org,192.64.86.202
facinggiantsnc.org,25e3c084c1f52a6d06c4f4588775ac22,facinggiantsnc.org,153.92.213.212
falloutshelterecovillage.org,68e408d5dd4336528f6f9bbe3b43f5e0,falloutshelterecovillage.org,204.44.192.77
fencingtogether.org,527a2149b1fe4927eba23d43cda7db67,fencingtogether.org,185.199.111.153
ffcadmin.org,d83472940029551c7533463819a3b937,ffcadmin.org,185.199.108.153
ffcdomains.com,f41e3e2e110c24ae35ea5d5cecee3e34,,
ffcdomains.org,0880744c99ba5e2f80e35a324f34ab5f,,
ffchosting.com,e27cce333ea70e8c499ccf25d32fc8d4,,
ffchostingmultisite.org,9c643cf0bfa3c8deb9910359270e5094,,
ffchosting.org,866f206c7a6e82f1adbe117fd16aabc7,,
ffc.ngo,d83afc4918eecd2e4308cd2eddea49a4,,
ffcsites.org,da28ec61f5ef9b5d8b385561c1f61b92,ffcsites.org,185.199.111.153
ffcworkingsite1.org,eda47b99632065ce1d820d7c04a7d8fc,ffcworkingsite1.org,185.199.108.153
ffcworkingsite2.org,7244e72d044d29a6b7b2cd54253f00e8,ffcworkingsite2.org,185.199.111.153
freedomrisingusa.org,9a336fa6954ae2425bbeea6b9745cd83,freedomrisingusa.org,185.199.111.153
freeforcharity.ngo,cdc0802bbc0dfbc36461dba5d47c225b,,
freeforcharity.org,650f9e6595252cde90a01409289b6e66,cpanel.freeforcharity.org,66.45.234.13
freetoolsfornonprofits.org,2b1ba426aafa27221388177af145c89b,,
graftonareahistory.org,7718dd5fb805222ba771f39756755631,graftonareahistory.org,141.193.213.10
harmonycenterfoundation.org,2e997d8ec9e52caefbb577a45a31886b,harmonycenterfoundation.org,192.64.86.202
hasbeensandgonnabees.org,f711790816dce6092f3fe0b69d2723ca,hasbeensandgonnabees.org,52.184.222.116
hunnewellscottages.com,010401960859ff754d2fc164a03d4449,localhost.hunnewellscottages.com,127.0.0.1
ieeeforthuachuca.org,35aab3b25b1644c0203ce1b8e707e4a9,*.ieeeforthuachuca.org,54.163.236.200
ihadrousa.com,975f0f4396a3a2f14f734d19e77d7cfd,ihadrousa.com,153.92.213.212
ihadrousa.org,ae73cdc1746ffd91d6d9b144e7fb4607,ihadrousa.org,153.92.213.212
instituteofforgiveness.org,30812a2f74ba041f1c8fb1ec96d4c095,instituteofforgiveness.org,204.44.192.77
jwvpost619.org,1a153f089ebb3c81d778b4f70a64965c,example.jwvpost619.org,67.211.214.117
legion-in-the-woods.org,2858b990c6c46683fde04ac644763c16,legion-in-the-woods.org,216.158.234.18
legioninthewoods.org,e0569b426bd9f10094f98e1b934b2a3f,legioninthewoods.org,185.199.111.153
letsdanceactivities.com,bd822497f036ba2a7cc3fc7c86cae69f,letsdanceactivities.com,153.92.213.212
letsdanceactivities.org,7fc43f165fc080066c5b84db986ad8d2,letsdanceactivities.org,153.92.213.212
letspiritlead.org,531291de1363f09cce111943e45ea357,letspiritlead.org,74.50.79.163
lifelessonslearned.us.org,fc0cb685817f6bbd1bd69a021c9e8915,ftp.lifelessonslearned.us.org,153.92.213.212
makeacalendarinvite.org,649d81fb022cd91029bae35723c974a9,makeacalendarinvite.org,204.44.192.77
melaninmagicfoundation.org,d5f6bc7e3702fb5ec94a630509e794a1,melaninmagicfoundation.org,66.23.226.51
mitchellnchistory.org,0d30e4570bb237f80362a8ea57f0a7be,autoconfig.mitchellnchistory.org,35.212.109.210
my-missions.org,8214fad91d72ec85dabe739adb70ee7d,my-missions.org,153.92.213.212
nittanypost245.org,1b2f30860cdf5c289945b9ba04097099,nittanypost245.org,192.64.86.202
nochaos.org,d310dc6c3193794e438375b6e5efce92,nochaos.org,153.92.213.212
ohiomtawest.org,73f56e478fa47aac200ed544ea6f7da9,,
paaboosterclub.org,606d91409e9e455b3add5b3a8e2e7d9b,paaboosterclub.org,153.92.213.212
pagbooster.org,a400ab4ac0f68b791287d9f14da3e3c7,pagbooster.org,185.199.111.153
pantryforadaircounty.org,a1e9932e562fbad05bc2d1f216e039dd,pantryforadaircounty.org,52.184.222.116
postpartumcarefoundation.com,45418389923574fc210a7f00211d2c10,postpartumcarefoundation.com,153.92.213.212
postpartumcarefoundation.org,4907cd8a448c268c1e6e6822c022af9f,postpartumcarefoundation.org,153.92.213.212
ptuganda.org,f11ebf3d84540cd60682ef8305d6d1c3,ptuganda.org,153.92.213.212
roottostem.org,c1702bb57985b9a4038f75b241cee34a,roottostem.org,52.184.222.116
soulfoodwhangarei.org,0b5e8b7697ac960a339c9cf8efe0acfe,soulfoodwhangarei.org,52.184.222.116
southamptonfriends.com,07629bcecb3e9675f20d366fc9d72320,,
southamptonfriends.org,91be8365ba89e1b2a40d0c450caa9679,southamptonfriends.org,192.64.86.202
srrn.net,bbd399cd8714bff3b72159bd29481b45,ftp.srrn.net,153.92.213.212
ssrn.net,a2ab99490e007518c09df84fc9f9beb5,ssrn.net,217.19.248.132
tamkeensports.org,08af98673b6fff99828a7b13f02ef4f4,tamkeensports.org,174.138.190.170
technologyadoptionbarriers.org,7c12587548cb176710eb7ac6152b7508,technologyadoptionbarriers.org,184.72.224.80
technologymonastery.org,9591fa3ad7530e21a8c7a70743b5dc4f,technologymonastery.org,216.158.234.18
technologymonastery.us,d035c9c8e31c7139d60ad833b5fce7c0,technologymonastery.us,192.185.118.32
theafghanistanaffairs.org,a1ff86f64ebfa25e3acc48f67a4d7c53,theafghanistanaffairs.org,204.13.238.115
thekccf.org,140ae7865e026a7b196598ccb8708f03,thekccf.org,185.199.111.153
thelastchancesanctuary.com,119005faff57e285a2495f918b01731f,localhost.thelastchancesanctuary.com,127.0.0.1
thetrendylittlegeek.com,581787651d6e18346517aadd151730a2,thetrendylittlegeek.com,204.44.192.77
trendylittlegeek.com,374fabfe54740a6f531aac506b9cd374,trendylittlegeek.com,204.44.192.77
wamhelp.org,798f0f0ddeb604afba65e345c30521b6,wamhelp.org,66.23.226.51
youngfatherscare.org,a740696ab9011b199e8c4a231ab0e567,youngfatherscare.org,192.64.86.203
